{
  "type": "FeatureCollection",
  "name": "Areas jemse",
  "crs": {
    "type": "name",
    "properties": {
      "name": "urn:ogc:def:crs:OGC:1.3:CRS84"
    }
  },
  "features": [
    {
      "type": "Feature",
      "properties": {
        "expediente": "3675-J-2026",
        "rg_tipo": "area de reserva",
        "tipo_miner": "Diseminado de oro",
        "area": 1588.59,
        "estado": "Disponible",
        "departamento": "Rinconada",
        "cluster": "RINCONADA SUR"
      },
      "geometry": {
        "type": "MultiPolygon",
        "coordinates": [
          [
            [
              [
                -66.66064429679139,
                -22.81077358274366
              ],
              [
                -66.60906211956811,
                -22.811042130976443
              ],
              [
                -66.60914439575635,
                -22.829539745538337
              ],
              [
                -66.62841052123031,
                -22.829464912090128
              ],
              [
                -66.62847323700035,
                -22.84312027600354
              ],
              [
                -66.66079978535062,
                -22.84298940519501
              ],
              [
                -66.66064429679139,
                -22.81077358274366
              ]
            ]
          ]
        ]
      }
    },
    {
      "type": "Feature",
      "properties": {
        "expediente": "3676-J-2026",
        "rg_tipo": "area de reserva",
        "tipo_miner": "Diseminado de oro y cobre",
        "area": 3183.05,
        "estado": "Disponible",
        "departamento": "Rinconada",
        "cluster": "RINCONADA SUR"
      },
      "geometry": {
        "type": "MultiPolygon",
        "coordinates": [
          [
            [
              [
                -67.02194382412723,
                -22.839041678419857
              ],
              [
                -66.96447203302189,
                -22.839400131584007
              ],
              [
                -66.96481590668533,
                -22.888109982838785
              ],
              [
                -67.02230818037874,
                -22.88775068040629
              ],
              [
                -67.02194382412723,
                -22.839041678419857
              ]
            ]
          ]
        ]
      }
    },
    {
      "type": "Feature",
      "properties": {
        "expediente": "3677-J-2026",
        "rg_tipo": "area de reserva",
        "tipo_miner": "Diseminado de oro y cobre",
        "area": 3242.05,
        "estado": "Disponible",
        "departamento": "Rinconada",
        "cluster": "RINCONADA SUR"
      },
      "geometry": {
        "type": "MultiPolygon",
        "coordinates": [
          [
            [
              [
                -66.96481590668533,
                -22.888109982838785
              ],
              [
                -66.9651671197512,
                -22.937722392685508
              ],
              [
                -67.0226803131896,
                -22.937362224638576
              ],
              [
                -67.02230818037874,
                -22.88775068040629
              ],
              [
                -66.96481590668533,
                -22.888109982838785
              ]
            ]
          ]
        ]
      }
    },
    {
      "type": "Feature",
      "properties": {
        "expediente": "3678-J-2026",
        "rg_tipo": "area de reserva",
        "tipo_miner": "Diseminado de plata y zinc",
        "area": 4900.0,
        "estado": "Disponible",
        "departamento": "Rinconada",
        "cluster": "RINCONADA SUR"
      },
      "geometry": {
        "type": "MultiPolygon",
        "coordinates": [
          [
            [
              [
                -66.34220056584456,
                -22.30609958896248
              ],
              [
                -66.27426613286012,
                -22.30622866506763
              ],
              [
                -66.27438978463273,
                -22.369441996413265
              ],
              [
                -66.34235484426753,
                -22.36931251593011
              ],
              [
                -66.34220056584456,
                -22.30609958896248
              ]
            ]
          ]
        ]
      }
    },
    {
      "type": "Feature",
      "properties": {
        "expediente": "3334-J-2024",
        "rg_tipo": "cateo",
        "tipo_miner": "Sin especificar",
        "area": 83.18,
        "estado": "Disponible",
        "departamento": "Rinconada",
        "cluster": "RINCONADA SUR"
      },
      "geometry": {
        "type": "MultiPolygon",
        "coordinates": [
          [
            [
              [
                -66.32266219043625,
                -22.470458616831053
              ],
              [
                -66.31491733156011,
                -22.470437802799722
              ],
              [
                -66.31493867805581,
                -22.479879151101436
              ],
              [
                -66.32268397823071,
                -22.47986383686258
              ],
              [
                -66.32266219043625,
                -22.470458616831053
              ]
            ]
          ]
        ]
      }
    },
    {
      "type": "Feature",
      "properties": {
        "expediente": "2966-J-2022",
        "rg_tipo": "cateo",
        "tipo_miner": "Polimetálico",
        "area": 2883.14,
        "estado": "No disponible",
        "departamento": "Rinconada",
        "cluster": "RINCONADA SUR"
      },
      "geometry": {
        "type": "MultiPolygon",
        "coordinates": [
          [
            [
              [
                -66.62841052123031,
                -22.829464912090128
              ],
              [
                -66.60300742925848,
                -22.829563093431144
              ],
              [
                -66.60308210685037,
                -22.8465063468411
              ],
              [
                -66.59794784385993,
                -22.846525711913735
              ],
              [
                -66.59795554238639,
                -22.848286466976212
              ],
              [
                -66.60971480394691,
                -22.84824186628208
              ],
              [
                -66.60980789434868,
                -22.869108996069457
              ],
              [
                -66.62861383024207,
                -22.869035800564546
              ],
              [
                -66.62873103691315,
                -22.894489741448844
              ],
              [
                -66.66104829990742,
                -22.89435862848331
              ],
              [
                -66.66079978535062,
                -22.84298940519501
              ],
              [
                -66.62847323700035,
                -22.84312027600354
              ],
              [
                -66.62841052123031,
                -22.829464912090128
              ]
            ]
          ]
        ]
      }
    },
    {
      "type": "Feature",
      "properties": {
        "expediente": "3135-J-2023",
        "rg_tipo": "cateo",
        "tipo_miner": "Epitermal de metales preciosos",
        "area": 2414.76,
        "estado": "Disponible",
        "departamento": "Susques",
        "cluster": "SUSQUES SUR"
      },
      "geometry": {
        "type": "MultiPolygon",
        "coordinates": [
          [
            [
              [
                -66.44482672552805,
                -24.11039284190171
              ],
              [
                -66.44486193419075,
                -24.120579975829965
              ],
              [
                -66.5164382593366,
                -24.12035476027037
              ],
              [
                -66.51660425037555,
                -24.161667530606042
              ],
              [
                -66.52620687178504,
                -24.161634711840133
              ],
              [
                -66.5213799505496,
                -24.167145594857793
              ],
              [
                -66.52521516917271,
                -24.169973257952183
              ],
              [
                -66.53137888434374,
                -24.162935718292573
              ],
              [
                -66.52959833760796,
                -24.161622976436426
              ],
              [
                -66.53771946606753,
                -24.161594568680577
              ],
              [
                -66.53774214896505,
                -24.167011417840865
              ],
              [
                -66.53938210715565,
                -24.16700562757821
              ],
              [
                -66.53935935509,
                -24.161588779877967
              ],
              [
                -66.55494968879646,
                -24.161532865666917
              ],
              [
                -66.55491580271016,
                -24.153689012922797
              ],
              [
                -66.54094751490905,
                -24.153739168677966
              ],
              [
                -66.54076864537008,
                -24.110083428240255
              ],
              [
                -66.44482672552805,
                -24.11039284190171
              ]
            ]
          ]
        ]
      }
    },
    {
      "type": "Feature",
      "properties": {
        "expediente": "3134-J-2023",
        "rg_tipo": "cateo",
        "tipo_miner": "Polimetálico",
        "area": 4640.55,
        "estado": "Disponible",
        "departamento": "Susques",
        "cluster": "SUSQUES CENTRO"
      },
      "geometry": {
        "type": "MultiPolygon",
        "coordinates": [
          [
            [
              [
                -66.84062440982649,
                -23.675887849336654
              ],
              [
                -66.82835226047101,
                -23.677550091893174
              ],
              [
                -66.83239296231794,
                -23.67785345343207
              ],
              [
                -66.83262795316747,
                -23.714907916886954
              ],
              [
                -66.82090077489039,
                -23.714970584484902
              ],
              [
                -66.82128087713785,
                -23.775599667575403
              ],
              [
                -66.80715460830338,
                -23.775674153816418
              ],
              [
                -66.80733553759566,
                -23.819724018849925
              ],
              [
                -66.8204059588176,
                -23.819655032799254
              ],
              [
                -66.80853464630975,
                -23.840180118733212
              ],
              [
                -66.82139150053621,
                -23.84567622338648
              ],
              [
                -66.8214947459496,
                -23.862053131457586
              ],
              [
                -66.84182098908039,
                -23.86194335687551
              ],
              [
                -66.84062440982649,
                -23.675887849336654
              ]
            ]
          ],
          [
            [
              [
                -66.77290942625446,
                -23.842139871099615
              ],
              [
                -66.77430747523806,
                -23.842132852245722
              ],
              [
                -66.77422172640802,
                -23.82768943130296
              ],
              [
                -66.77297725715904,
                -23.82768475191461
              ],
              [
                -66.77290942625446,
                -23.842139871099615
              ]
            ]
          ],
          [
            [
              [
                -66.80737032939247,
                -23.82823370707245
              ],
              [
                -66.79313403956994,
                -23.840531633765234
              ],
              [
                -66.79499537904445,
                -23.841190947080516
              ],
              [
                -66.79458351534325,
                -23.84215422129177
              ],
              [
                -66.80737032939247,
                -23.82823370707245
              ]
            ]
          ]
        ]
      }
    },
    {
      "type": "Feature",
      "properties": {
        "expediente": "2762-J-2021",
        "rg_tipo": "cateo",
        "tipo_miner": "Sulfuros masivos",
        "area": 3656.16,
        "estado": "Disponible",
        "departamento": "Rinconada",
        "cluster": "POQUIS"
      },
      "geometry": {
        "type": "MultiPolygon",
        "coordinates": [
          [
            [
              [
                -66.91768124410305,
                -22.97953777825357
              ],
              [
                -66.89084575285858,
                -22.979690886194696
              ],
              [
                -66.89104126284728,
                -23.009485738207538
              ],
              [
                -66.96957504081017,
                -23.00902430197289
              ],
              [
                -66.96936230545234,
                -22.979230114441965
              ],
              [
                -66.95376056957151,
                -22.97932476931505
              ],
              [
                -66.95358957272279,
                -22.954947510492744
              ],
              [
                -66.91751671355199,
                -22.95516026819814
              ],
              [
                -66.91768124410305,
                -22.97953777825357
              ]
            ]
          ]
        ]
      }
    },
    {
      "type": "Feature",
      "properties": {
        "expediente": "2620-J-2020",
        "rg_tipo": "cateo",
        "tipo_miner": "Epitermal de metales preciosos",
        "area": 4200.0,
        "estado": "Disponible",
        "departamento": "Susques",
        "cluster": "SUSQUES SUR"
      },
      "geometry": {
        "type": "MultiPolygon",
        "coordinates": [
          [
            [
              [
                -66.61921218496371,
                -24.01389088563562
              ],
              [
                -66.56024191124159,
                -24.014117792176624
              ],
              [
                -66.56051616517908,
                -24.077315105491717
              ],
              [
                -66.61951530219942,
                -24.077087527858176
              ],
              [
                -66.61921218496371,
                -24.01389088563562
              ]
            ]
          ]
        ]
      }
    },
    {
      "type": "Feature",
      "properties": {
        "expediente": "2621-J-2020",
        "rg_tipo": "cateo",
        "tipo_miner": "Epitermal de metales preciosos",
        "area": 2344.93,
        "estado": "Disponible",
        "departamento": "Susques",
        "cluster": "SUSQUES SUR"
      },
      "geometry": {
        "type": "MultiPolygon",
        "coordinates": [
          [
            [
              [
                -66.62865849600482,
                -24.143190675962554
              ],
              [
                -66.61390123127978,
                -24.14325073893716
              ],
              [
                -66.6139875083967,
                -24.161306688730917
              ],
              [
                -66.54612447177274,
                -24.16179944614181
              ],
              [
                -66.54622050688046,
                -24.184369593394045
              ],
              [
                -66.60061987035638,
                -24.18416498178143
              ],
              [
                -66.60094839058866,
                -24.183914962289812
              ],
              [
                -66.60206798573722,
                -24.183626610402573
              ],
              [
                -66.6070360067454,
                -24.18321870092482
              ],
              [
                -66.6140725939988,
                -24.183208577374995
              ],
              [
                -66.61959823069213,
                -24.182120904349183
              ],
              [
                -66.6217656456845,
                -24.18056827464822
              ],
              [
                -66.6279429303235,
                -24.17794286572436
              ],
              [
                -66.62882763117527,
                -24.1777406015984
              ],
              [
                -66.62865849600482,
                -24.143190675962554
              ]
            ]
          ]
        ]
      }
    },
    {
      "type": "Feature",
      "properties": {
        "expediente": "2622-J-2020",
        "rg_tipo": "cateo",
        "tipo_miner": "Epitermal de metales preciosos",
        "area": 100.0,
        "estado": "Disponible",
        "departamento": "Susques",
        "cluster": "SUSQUES SUR"
      },
      "geometry": {
        "type": "MultiPolygon",
        "coordinates": [
          [
            [
              [
                -66.82959535687682,
                -24.050500111258163
              ],
              [
                -66.816329453339,
                -24.05641416636933
              ],
              [
                -66.81919164521332,
                -24.061828484816456
              ],
              [
                -66.83245796164702,
                -24.055914715818847
              ],
              [
                -66.82959535687682,
                -24.050500111258163
              ]
            ]
          ]
        ]
      }
    },
    {
      "type": "Feature",
      "properties": {
        "expediente": "2619-J-2020",
        "rg_tipo": "cateo",
        "tipo_miner": "Epitermal de metales preciosos",
        "area": 741.15,
        "estado": "Disponible",
        "departamento": "Susques",
        "cluster": "SUSQUES SUR"
      },
      "geometry": {
        "type": "MultiPolygon",
        "coordinates": [
          [
            [
              [
                -66.50370818894993,
                -24.19045971128053
              ],
              [
                -66.50497278145248,
                -24.192978822684317
              ],
              [
                -66.50602639862103,
                -24.192005337061524
              ],
              [
                -66.50670894632884,
                -24.191757731565282
              ],
              [
                -66.50682900000386,
                -24.191670000003466
              ],
              [
                -66.50698999999597,
                -24.191614000003526
              ],
              [
                -66.50721499999733,
                -24.19153599999907
              ],
              [
                -66.5074419999998,
                -24.1914640000002
              ],
              [
                -66.50767000000143,
                -24.19140099999982
              ],
              [
                -66.50772104207691,
                -24.191390569692228
              ],
              [
                -66.50786622271215,
                -24.191337901237507
              ],
              [
                -66.50938263241822,
                -24.191317190483005
              ],
              [
                -66.50958699999666,
                -24.19129300000408
              ],
              [
                -66.50983100000295,
                -24.191266999999314
              ],
              [
                -66.51007199999745,
                -24.1912510000002
              ],
              [
                -66.51030599999615,
                -24.191251000000268
              ],
              [
                -66.51053199999983,
                -24.191274999999507
              ],
              [
                -66.51061047159199,
                -24.191300409892676
              ],
              [
                -66.51071793916894,
                -24.19129894068693
              ],
              [
                -66.511939117189,
                -24.192176629055883
              ],
              [
                -66.51362072130519,
                -24.192931557252834
              ],
              [
                -66.51382299999906,
                -24.19299600000403
              ],
              [
                -66.51405199999594,
                -24.19306199999948
              ],
              [
                -66.51427600000183,
                -24.193136999996668
              ],
              [
                -66.51448999999543,
                -24.193232000003082
              ],
              [
                -66.51469299999849,
                -24.193345999996303
              ],
              [
                -66.51489200000375,
                -24.19346899999854
              ],
              [
                -66.51509100000415,
                -24.193590999995795
              ],
              [
                -66.51509707294268,
                -24.19359431790211
              ],
              [
                -66.51593569239041,
                -24.19397077965161
              ],
              [
                -66.51594017961055,
                -24.193972675569082
              ],
              [
                -66.51594699999836,
                -24.193975000002208
              ],
              [
                -66.516179000003,
                -24.194029000000583
              ],
              [
                -66.51641000000363,
                -24.194088999995518
              ],
              [
                -66.51664199999593,
                -24.194149000002795
              ],
              [
                -66.51687,
                -24.19421599999877
              ],
              [
                -66.51707700000284,
                -24.194315000003947
              ],
              [
                -66.51723900000025,
                -24.194480000004443
              ],
              [
                -66.51731390051445,
                -24.194553084822225
              ],
              [
                -66.52329416518857,
                -24.197079592102433
              ],
              [
                -66.52345999999783,
                -24.197129999998072
              ],
              [
                -66.52368399999786,
                -24.197207000000212
              ],
              [
                -66.52390000000214,
                -24.19730099999709
              ],
              [
                -66.52411200000192,
                -24.197403000001565
              ],
              [
                -66.52432000000398,
                -24.197509999998356
              ],
              [
                -66.52434160661223,
                -24.197522074304445
              ],
              [
                -66.52450539662162,
                -24.197591264981472
              ],
              [
                -66.52456906501244,
                -24.197651401378856
              ],
              [
                -66.52472299999822,
                -24.197744999998793
              ],
              [
                -66.52491499999634,
                -24.197875999999653
              ],
              [
                -66.52509800000114,
                -24.19801599999703
              ],
              [
                -66.52526400000136,
                -24.198174000000446
              ],
              [
                -66.52541699999857,
                -24.198342999999568
              ],
              [
                -66.52556499999915,
                -24.198515000002313
              ],
              [
                -66.52573099999883,
                -24.198671999995504
              ],
              [
                -66.52590100000234,
                -24.198826000003262
              ],
              [
                -66.52605899999853,
                -24.198989999996424
              ],
              [
                -66.526215,
                -24.199156000002077
              ],
              [
                -66.52637299999688,
                -24.19932000000357
              ],
              [
                -66.5265410000031,
                -24.199476999997803
              ],
              [
                -66.52671799999985,
                -24.199625999998112
              ],
              [
                -66.52688600000343,
                -24.199780999996023
              ],
              [
                -66.52702799999545,
                -24.199954000000474
              ],
              [
                -66.52712209795331,
                -24.200109221466704
              ],
              [
                -66.52929660788436,
                -24.203443049636522
              ],
              [
                -66.52930200000262,
                -24.203446999998526
              ],
              [
                -66.5293115097568,
                -24.203453356275375
              ],
              [
                -66.53217112357603,
                -24.20418274592843
              ],
              [
                -66.53219501737959,
                -24.20418134627866
              ],
              [
                -66.53606964613007,
                -24.203468977361638
              ],
              [
                -66.5361880000015,
                -24.203429000001126
              ],
              [
                -66.53641399999957,
                -24.203375000000822
              ],
              [
                -66.53662583404945,
                -24.2033667108509
              ],
              [
                -66.53664624435267,
                -24.203362957962625
              ],
              [
                -66.53721145353377,
                -24.20349317876088
              ],
              [
                -66.53734999999651,
                -24.2034989999992
              ],
              [
                -66.5375900000035,
                -24.203492999997952
              ],
              [
                -66.53782499999937,
                -24.20352699999594
              ],
              [
                -66.53805899999713,
                -24.20357400000442
              ],
              [
                -66.53829,
                -24.203630999999344
              ],
              [
                -66.5385160000016,
                -24.203700999999402
              ],
              [
                -66.5387379999974,
                -24.20378200000075
              ],
              [
                -66.53896100000156,
                -24.2038609999995
              ],
              [
                -66.53918400000418,
                -24.2039409999971
              ],
              [
                -66.53921992244234,
                -24.20395589873609
              ],
              [
                -66.54145056295123,
                -24.20446976844616
              ],
              [
                -66.54146439298574,
                -24.204465903290007
              ],
              [
                -66.54410337629903,
                -24.20248596715461
              ],
              [
                -66.54405559566345,
                -24.190321038155343
              ],
              [
                -66.50370818894993,
                -24.19045971128053
              ]
            ]
          ],
          [
            [
              [
                -66.49374423236249,
                -24.158793422939212
              ],
              [
                -66.47810320991438,
                -24.15884323681075
              ],
              [
                -66.49282425388462,
                -24.170494129836165
              ],
              [
                -66.49283534627337,
                -24.17051260190735
              ],
              [
                -66.49283544467819,
                -24.170512601589373
              ],
              [
                -66.49283544571796,
                -24.170512872433537
              ],
              [
                -66.49762185823536,
                -24.178519374949442
              ],
              [
                -66.50370818894993,
                -24.19045971128053
              ],
              [
                -66.50362669780078,
                -24.16969812261697
              ],
              [
                -66.49378628544002,
                -24.169730297912537
              ],
              [
                -66.49374423236249,
                -24.158793422939212
              ]
            ]
          ],
          [
            [
              [
                -66.46257157950294,
                -24.143098181216256
              ],
              [
                -66.44494473482769,
                -24.143150577847184
              ],
              [
                -66.44496509174677,
                -24.149030663674417
              ],
              [
                -66.45462360251491,
                -24.15121603025944
              ],
              [
                -66.46260657947131,
                -24.152821648400515
              ],
              [
                -66.46257157950294,
                -24.143098181216256
              ]
            ]
          ]
        ]
      }
    },
    {
      "type": "Feature",
      "properties": {
        "expediente": "287-R-1996",
        "rg_tipo": "mina vacante solicitada",
        "tipo_miner": "Diseminado de oro, plata y cobre",
        "area": 1992.58,
        "estado": "Disponible",
        "departamento": "Susques",
        "cluster": "SUSQUES SUR"
      },
      "geometry": {
        "type": "MultiPolygon",
        "coordinates": [
          [
            [
              [
                -66.49809321218088,
                -24.059775298857055
              ],
              [
                -66.4823501013208,
                -24.045861412460013
              ],
              [
                -66.42096923544241,
                -24.104396605798744
              ],
              [
                -66.43659518484695,
                -24.11820977691735
              ],
              [
                -66.49809321218088,
                -24.059775298857055
              ]
            ]
          ]
        ]
      }
    },
    {
      "type": "Feature",
      "properties": {
        "expediente": "2676-J-2020",
        "rg_tipo": "cateo",
        "tipo_miner": "Oro aluvional",
        "area": 955.39,
        "estado": "No disponible",
        "departamento": "Rinconada",
        "cluster": "OROSMAYO"
      },
      "geometry": {
        "type": "MultiPolygon",
        "coordinates": [
          [
            [
              [
                -66.41523890429043,
                -22.574094213339002
              ],
              [
                -66.41521185933388,
                -22.56506413088225
              ],
              [
                -66.40177490326542,
                -22.565098273666216
              ],
              [
                -66.40175044656642,
                -22.55665512322035
              ],
              [
                -66.38357953627666,
                -22.556699492742556
              ],
              [
                -66.38361902652811,
                -22.570976118502422
              ],
              [
                -66.39378956655727,
                -22.570951522518467
              ],
              [
                -66.39382202493124,
                -22.58237459706084
              ],
              [
                -66.41082939301772,
                -22.58233200903029
              ],
              [
                -66.41085355000261,
                -22.59047713087501
              ],
              [
                -66.42872736464214,
                -22.590430417108486
              ],
              [
                -66.42867670920195,
                -22.574058931903267
              ],
              [
                -66.41523890429043,
                -22.574094213339002
              ]
            ]
          ]
        ]
      }
    },
    {
      "type": "Feature",
      "properties": {
        "expediente": "3537-J-2025",
        "rg_tipo": "cateo",
        "tipo_miner": "Alcalinos complejos",
        "area": 3281.36,
        "estado": "Disponible",
        "departamento": "Susques",
        "cluster": "COCHINOCA SUR"
      },
      "geometry": {
        "type": "MultiPolygon",
        "coordinates": [
          [
            [
              [
                -66.26160958475718,
                -23.431256683335935
              ],
              [
                -66.20743773685248,
                -23.431338045261935
              ],
              [
                -66.20748937164437,
                -23.464402200211357
              ],
              [
                -66.20795887941675,
                -23.465047840418954
              ],
              [
                -66.20835164365738,
                -23.46779466135105
              ],
              [
                -66.20933856778409,
                -23.46958508599408
              ],
              [
                -66.21126978813982,
                -23.470741143969242
              ],
              [
                -66.21211530729005,
                -23.473140934829164
              ],
              [
                -66.214607036031,
                -23.476529894831685
              ],
              [
                -66.216815824664,
                -23.481037851356458
              ],
              [
                -66.21776544315172,
                -23.48206140451459
              ],
              [
                -66.21753432900051,
                -23.48327294500259
              ],
              [
                -66.21992381710072,
                -23.485723083867892
              ],
              [
                -66.22446923613553,
                -23.485616266871645
              ],
              [
                -66.22576029100439,
                -23.48526490107177
              ],
              [
                -66.229329482999,
                -23.485264901073634
              ],
              [
                -66.23260955083592,
                -23.48828584156184
              ],
              [
                -66.26172188571856,
                -23.488239674537265
              ],
              [
                -66.26160958475718,
                -23.431256683335935
              ]
            ]
          ]
        ]
      }
    },
    {
      "type": "Feature",
      "properties": {
        "expediente": "3538-J-2025",
        "rg_tipo": "cateo",
        "tipo_miner": "Epitermal de metales preciosos",
        "area": 1000.0,
        "estado": "Disponible",
        "departamento": "Susques",
        "cluster": "SUSQUES SUR"
      },
      "geometry": {
        "type": "MultiPolygon",
        "coordinates": [
          [
            [
              [
                -66.5164382593366,
                -24.12035476027037
              ],
              [
                -66.47709169189939,
                -24.12048271542546
              ],
              [
                -66.47717542625107,
                -24.143053228848657
              ],
              [
                -66.51652889868366,
                -24.142925139030936
              ],
              [
                -66.5164382593366,
                -24.12035476027037
              ]
            ]
          ]
        ]
      }
    },
    {
      "type": "Feature",
      "properties": {
        "expediente": "3539-J-2025",
        "rg_tipo": "cateo",
        "tipo_miner": "Polimetálico",
        "area": 591.56,
        "estado": "No disponible",
        "departamento": "Rinconada",
        "cluster": "RINCONADA SUR"
      },
      "geometry": {
        "type": "MultiPolygon",
        "coordinates": [
          [
            [
              [
                -66.59795277872537,
                -22.847654401101416
              ],
              [
                -66.58516083261713,
                -22.84770193100476
              ],
              [
                -66.58525287964486,
                -22.869201221592988
              ],
              [
                -66.60980789434868,
                -22.869108996069457
              ],
              [
                -66.60971480394691,
                -22.84824186628208
              ],
              [
                -66.59795554238639,
                -22.848286466976212
              ],
              [
                -66.59795277872537,
                -22.847654401101416
              ]
            ]
          ]
        ]
      }
    },
    {
      "type": "Feature",
      "properties": {
        "expediente": "3540-J-2025",
        "rg_tipo": "cateo",
        "tipo_miner": "Polimetálico",
        "area": 505.99,
        "estado": "Disponible",
        "departamento": "Susques",
        "cluster": "SUSQUES CENTRO"
      },
      "geometry": {
        "type": "MultiPolygon",
        "coordinates": [
          [
            [
              [
                -67.12884896473066,
                -23.509103995215895
              ],
              [
                -67.11465089778203,
                -23.46568179355667
              ],
              [
                -67.11010749569101,
                -23.4911193286044
              ],
              [
                -67.11031177431374,
                -23.509237259555604
              ],
              [
                -67.12884896473066,
                -23.509103995215895
              ]
            ]
          ]
        ]
      }
    },
    {
      "type": "Feature",
      "properties": {
        "expediente": "3541-J-2025",
        "rg_tipo": "cateo",
        "tipo_miner": "Alcalinos complejos",
        "area": 8422.61,
        "estado": "Disponible",
        "departamento": "Susques",
        "cluster": "COCHINOCA SUR"
      },
      "geometry": {
        "type": "MultiPolygon",
        "coordinates": [
          [
            [
              [
                -66.18027599149458,
                -23.431300344383683
              ],
              [
                -66.26862679329432,
                -23.43092504266223
              ],
              [
                -66.26840882170367,
                -23.322716442052126
              ],
              [
                -66.2027821157114,
                -23.322815107470486
              ],
              [
                -66.20292501062897,
                -23.416747917779908
              ],
              [
                -66.18025630511168,
                -23.41677571843748
              ],
              [
                -66.1802625704962,
                -23.421399592395705
              ],
              [
                -66.18048100000165,
                -23.42147100000265
              ],
              [
                -66.1802636416484,
                -23.42218998749653
              ],
              [
                -66.18027599149458,
                -23.431300344383683
              ]
            ]
          ]
        ]
      }
    },
    {
      "type": "Feature",
      "properties": {
        "expediente": "820-C-2007",
        "rg_tipo": "cateo",
        "tipo_miner": "Sin especificar",
        "area": 2906.4,
        "estado": "Disponible",
        "departamento": "Rinconada",
        "cluster": "RINCONADA SUR"
      },
      "geometry": {
        "type": "MultiPolygon",
        "coordinates": [
          [
            [
              [
                -66.73979935803112,
                -22.888231880234972
              ],
              [
                -66.74005730630464,
                -22.93575695515807
              ],
              [
                -66.77905121723404,
                -22.935570362616858
              ],
              [
                -66.77910301977394,
                -22.944622540241316
              ],
              [
                -66.79165561385784,
                -22.944560412678676
              ],
              [
                -66.79114678429669,
                -22.887984657198693
              ],
              [
                -66.73979935803112,
                -22.888231880234972
              ]
            ]
          ]
        ]
      }
    },
    {
      "type": "Feature",
      "properties": {
        "expediente": "1714-N-2012",
        "rg_tipo": "solicitud de mina",
        "tipo_miner": "Diseminado de oro",
        "area": 1588.599021,
        "estado": "Disponible",
        "departamento": "Rinconada",
        "cluster": "RINCONADA SUR"
      },
      "geometry": {
        "type": "MultiPolygon",
        "coordinates": [
          [
            [
              [
                -66.66064429679139,
                -22.81077358274366
              ],
              [
                -66.60906211956811,
                -22.811042130976443
              ],
              [
                -66.60914439575635,
                -22.829539745538337
              ],
              [
                -66.62841052123031,
                -22.829464912090128
              ],
              [
                -66.62847323700035,
                -22.84312027600354
              ],
              [
                -66.66079978535062,
                -22.84298940519501
              ],
              [
                -66.66064429679139,
                -22.81077358274366
              ]
            ]
          ]
        ]
      }
    },
    {
      "type": "Feature",
      "properties": {
        "expediente": "51-I-1998",
        "rg_tipo": "mina concedida",
        "tipo_miner": "Diseminado de oro",
        "area": 3600.0,
        "estado": "Disponible",
        "departamento": "Susques",
        "cluster": "SUSQUES CENTRO"
      },
      "geometry": {
        "type": "MultiPolygon",
        "coordinates": [
          [
            [
              [
                -66.92989893990679,
                -23.62065539513149
              ],
              [
                -66.93040972874799,
                -23.692878449247733
              ],
              [
                -66.97452475435877,
                -23.692607051729016
              ],
              [
                -66.97398975578096,
                -23.620384923460776
              ],
              [
                -66.92989893990679,
                -23.62065539513149
              ]
            ]
          ]
        ]
      }
    },
    {
      "type": "Feature",
      "properties": {
        "expediente": "2050-L-2014",
        "rg_tipo": "cateo",
        "tipo_miner": "Sin especificar",
        "area": 2068.4,
        "estado": "Disponible",
        "departamento": "Tumbaya",
        "cluster": "TUMBAYA"
      },
      "geometry": {
        "type": "MultiPolygon",
        "coordinates": [
          [
            [
              [
                -65.74025384298638,
                -23.842304076424735
              ],
              [
                -65.70842140672958,
                -23.842247132350092
              ],
              [
                -65.70834923187422,
                -23.8744911441905
              ],
              [
                -65.71773819608208,
                -23.874508645796688
              ],
              [
                -65.71774611263848,
                -23.87085716265699
              ],
              [
                -65.74019683431364,
                -23.870896684722837
              ],
              [
                -65.74025384298638,
                -23.842304076424735
              ]
            ]
          ]
        ]
      }
    },
    {
      "type": "Feature",
      "properties": {
        "expediente": "2047-L-2014",
        "rg_tipo": "cateo",
        "tipo_miner": "Sin especificar",
        "area": 3465.45393,
        "estado": "Disponible",
        "departamento": "Tumbaya",
        "cluster": "TUMBAYA"
      },
      "geometry": {
        "type": "MultiPolygon",
        "coordinates": [
          [
            [
              [
                -65.66129263523901,
                -23.605719839774984
              ],
              [
                -65.66123177615195,
                -23.629395138473242
              ],
              [
                -65.67231144442687,
                -23.629418935322366
              ],
              [
                -65.67209752037732,
                -23.715193586263663
              ],
              [
                -65.6840749394423,
                -23.71521850628086
              ],
              [
                -65.68403112443312,
                -23.733400374195647
              ],
              [
                -65.68847651369741,
                -23.733409393771804
              ],
              [
                -65.68843350780679,
                -23.751492090030855
              ],
              [
                -65.70298009197455,
                -23.75152073192978
              ],
              [
                -65.70310310299882,
                -23.697297724190012
              ],
              [
                -65.69446694380088,
                -23.697280920944213
              ],
              [
                -65.69446724051535,
                -23.69715343286089
              ],
              [
                -65.68970729365228,
                -23.697172045611445
              ],
              [
                -65.68990608922893,
                -23.612870760621714
              ],
              [
                -65.69466292133711,
                -23.61288019006493
              ],
              [
                -65.69467934527201,
                -23.605789081524623
              ],
              [
                -65.66129263523901,
                -23.605719839774984
              ]
            ]
          ]
        ]
      }
    },
    {
      "type": "Feature",
      "properties": {
        "expediente": "2046-L-2014",
        "rg_tipo": "cateo",
        "tipo_miner": "Sin especificar",
        "area": 1865.30595,
        "estado": "Disponible",
        "departamento": "Tumbaya",
        "cluster": "TUMBAYA"
      },
      "geometry": {
        "type": "MultiPolygon",
        "coordinates": [
          [
            [
              [
                -65.72029057183043,
                -23.49187437583865
              ],
              [
                -65.67444195090549,
                -23.49178534059718
              ],
              [
                -65.67435355038944,
                -23.527746626547103
              ],
              [
                -65.72021462040712,
                -23.527835814141284
              ],
              [
                -65.72029057183043,
                -23.49187437583865
              ]
            ]
          ]
        ]
      }
    },
    {
      "type": "Feature",
      "properties": {
        "expediente": "1718-N-2012",
        "rg_tipo": "solicitud de mina",
        "tipo_miner": "Diseminado de oro y cobre",
        "area": 3242.05,
        "estado": "Disponible",
        "departamento": "Rinconada",
        "cluster": "POQUIS"
      },
      "geometry": {
        "type": "MultiPolygon",
        "coordinates": [
          [
            [
              [
                -66.96481590668533,
                -22.888109982838785
              ],
              [
                -66.9651671197512,
                -22.937722392685508
              ],
              [
                -67.0226803131896,
                -22.937362224638576
              ],
              [
                -67.02230818037874,
                -22.88775068040629
              ],
              [
                -66.96481590668533,
                -22.888109982838785
              ]
            ]
          ]
        ]
      }
    },
    {
      "type": "Feature",
      "properties": {
        "expediente": "2029-V-2014",
        "rg_tipo": "solicitud de mina",
        "tipo_miner": "Disem. Polimetalico de plata y oro",
        "area": 22.18785,
        "estado": "Disponible",
        "departamento": "Rinconada",
        "cluster": "OROSMAYO"
      },
      "geometry": {
        "type": "MultiPolygon",
        "coordinates": [
          [
            [
              [
                -66.27561020671247,
                -22.525125174642493
              ],
              [
                -66.2464033871073,
                -22.525172527114808
              ],
              [
                -66.24640456960879,
                -22.52583932345435
              ],
              [
                -66.27561337621603,
                -22.52579196626806
              ],
              [
                -66.27561020671247,
                -22.525125174642493
              ]
            ]
          ]
        ]
      }
    },
    {
      "type": "Feature",
      "properties": {
        "expediente": "2051-L-2014",
        "rg_tipo": "cateo",
        "tipo_miner": "Sin especificar",
        "area": 2428.5,
        "estado": "Disponible",
        "departamento": "Tumbaya",
        "cluster": "TUMBAYA"
      },
      "geometry": {
        "type": "MultiPolygon",
        "coordinates": [
          [
            [
              [
                -65.76446287853493,
                -23.863212231756684
              ],
              [
                -65.76444890876077,
                -23.870935699499285
              ],
              [
                -65.78358025552518,
                -23.870963780998157
              ],
              [
                -65.7835930907035,
                -23.86324030306463
              ],
              [
                -65.76446287853493,
                -23.863212231756684
              ]
            ]
          ]
        ]
      }
    },
    {
      "type": "Feature",
      "properties": {
        "expediente": "212-L-1996",
        "rg_tipo": "solicitud de mina",
        "tipo_miner": "Diseminado de plata y zinc",
        "area": 4900.0,
        "estado": "Disponible",
        "departamento": "Rinconada",
        "cluster": "RINCONADA NORTE"
      },
      "geometry": {
        "type": "MultiPolygon",
        "coordinates": [
          [
            [
              [
                -66.34220056584456,
                -22.30609958896248
              ],
              [
                -66.27426613286012,
                -22.30622866506763
              ],
              [
                -66.27438978463273,
                -22.369441996413265
              ],
              [
                -66.34235484426753,
                -22.36931251593011
              ],
              [
                -66.34220056584456,
                -22.30609958896248
              ]
            ]
          ]
        ]
      }
    },
    {
      "type": "Feature",
      "properties": {
        "expediente": "2675-J-2020",
        "rg_tipo": "cateo",
        "tipo_miner": "Polimetálico",
        "area": 1999.57,
        "estado": "No disponible",
        "departamento": "Rinconada",
        "cluster": "OROSMAYO"
      },
      "geometry": {
        "type": "MultiPolygon",
        "coordinates": [
          [
            [
              [
                -66.21222091267593,
                -22.47948690857582
              ],
              [
                -66.21229171677403,
                -22.525887922746325
              ],
              [
                -66.24640456960879,
                -22.52583932345435
              ],
              [
                -66.24636604833522,
                -22.504104750451603
              ],
              [
                -66.24714636463342,
                -22.504103555288843
              ],
              [
                -66.24713108050146,
                -22.49549974245376
              ],
              [
                -66.25666095850445,
                -22.495484846551797
              ],
              [
                -66.2566313503403,
                -22.47942532226235
              ],
              [
                -66.21222091267593,
                -22.47948690857582
              ]
            ]
          ]
        ]
      }
    },
    {
      "type": "Feature",
      "properties": {
        "expediente": "2045-L-2014",
        "rg_tipo": "cateo",
        "tipo_miner": "Sin especificar",
        "area": 2932.03133,
        "estado": "Disponible",
        "departamento": "Tumbaya",
        "cluster": "OROSMAYO"
      },
      "geometry": {
        "type": "MultiPolygon",
        "coordinates": [
          [
            [
              [
                -65.70298028815384,
                -23.75152073230682
              ],
              [
                -65.68843350780679,
                -23.751492090030855
              ],
              [
                -65.68821711294875,
                -23.842207578166164
              ],
              [
                -65.72442310803504,
                -23.84227657924245
              ],
              [
                -65.72448963525612,
                -23.810774735024072
              ],
              [
                -65.71389771297781,
                -23.81075545317141
              ],
              [
                -65.71401566690265,
                -23.756843400129355
              ],
              [
                -65.70296825984441,
                -23.756822558443027
              ],
              [
                -65.70298028815384,
                -23.75152073230682
              ]
            ]
          ]
        ]
      }
    },
    {
      "type": "Feature",
      "properties": {
        "expediente": "2158-D-2016",
        "rg_tipo": "solicitud de mina",
        "tipo_miner": "Litio y potasio",
        "area": 125.3,
        "estado": "Disponible",
        "departamento": "Susques",
        "cluster": "SUSQUES SUR"
      },
      "geometry": {
        "type": "MultiPolygon",
        "coordinates": [
          [
            [
              [
                -66.77401819486884,
                -24.042483402454156
              ],
              [
                -66.78259063601558,
                -24.092316806106773
              ],
              [
                -66.77618786391054,
                -24.093619010613764
              ],
              [
                -66.78037545217825,
                -24.09400883647868
              ],
              [
                -66.78187464238378,
                -24.094199656919937
              ],
              [
                -66.78315669572022,
                -24.094235625441588
              ],
              [
                -66.78937706658864,
                -24.090376829908234
              ],
              [
                -66.78734831479665,
                -24.090348199506764
              ],
              [
                -66.78675031060861,
                -24.088642006929266
              ],
              [
                -66.78308206042516,
                -24.088660837758933
              ],
              [
                -66.77401819486884,
                -24.042483402454156
              ]
            ]
          ]
        ]
      }
    },
    {
      "type": "Feature",
      "properties": {
        "expediente": "1017-U-2008",
        "rg_tipo": "cateo",
        "tipo_miner": "Sin especificar",
        "area": 9094.8189,
        "estado": "Disponible",
        "departamento": "Tilcara",
        "cluster": "TILCARA"
      },
      "geometry": {
        "type": "MultiPolygon",
        "coordinates": [
          [
            [
              [
                -65.49138406857466,
                -23.32857724629872
              ],
              [
                -65.42384226863646,
                -23.328343421187718
              ],
              [
                -65.42359049447832,
                -23.38663441986539
              ],
              [
                -65.41012133543562,
                -23.386584190711886
              ],
              [
                -65.40968985503021,
                -23.483779794674646
              ],
              [
                -65.44345107622703,
                -23.483903992617943
              ],
              [
                -65.4433949384176,
                -23.497275707832305
              ],
              [
                -65.4907382344576,
                -23.49743764119174
              ],
              [
                -65.49138406857466,
                -23.32857724629872
              ]
            ],
            [
              [
                -65.48155621951295,
                -23.386837345416556
              ],
              [
                -65.48120428523507,
                -23.477054777429764
              ],
              [
                -65.43226307664985,
                -23.47688424571995
              ],
              [
                -65.43264820691014,
                -23.386667545441682
              ],
              [
                -65.43264851449143,
                -23.38659531387687
              ],
              [
                -65.48155650058253,
                -23.38676511326627
              ],
              [
                -65.48155621951295,
                -23.386837345416556
              ]
            ]
          ]
        ]
      }
    },
    {
      "type": "Feature",
      "properties": {
        "expediente": "2618-J-2020",
        "rg_tipo": "cateo",
        "tipo_miner": "Alcalinos complejos",
        "area": 2499.86,
        "estado": "Disponible",
        "departamento": "Cochinoca",
        "cluster": "COCHINOCA SUR"
      },
      "geometry": {
        "type": "MultiPolygon",
        "coordinates": [
          [
            [
              [
                -65.99479596280692,
                -23.486470363070715
              ],
              [
                -66.07223387749376,
                -23.447576377822685
              ],
              [
                -66.07222893734564,
                -23.438488278943318
              ],
              [
                -65.99479784271162,
                -23.438504901363657
              ],
              [
                -65.99479596280692,
                -23.486470363070715
              ]
            ]
          ]
        ]
      }
    },
    {
      "type": "Feature",
      "properties": {
        "expediente": "2671-J-2020",
        "rg_tipo": "cateo",
        "tipo_miner": "Polimetálico",
        "area": 3707.74,
        "estado": "Disponible",
        "departamento": "Cochinoca",
        "cluster": "RUMICRUZ"
      },
      "geometry": {
        "type": "MultiPolygon",
        "coordinates": [
          [
            [
              [
                -65.57365790293726,
                -22.809669744116356
              ],
              [
                -65.57375521227995,
                -22.77836969086933
              ],
              [
                -65.50263031035168,
                -22.77816387293472
              ],
              [
                -65.50243474900006,
                -22.83203785068172
              ],
              [
                -65.54825733442729,
                -22.832174389151064
              ],
              [
                -65.54833179802527,
                -22.809600000802245
              ],
              [
                -65.57365790293726,
                -22.809669744116356
              ]
            ]
          ]
        ]
      }
    },
    {
      "type": "Feature",
      "properties": {
        "expediente": "2871-J-2021",
        "rg_tipo": "cateo",
        "tipo_miner": "Polimetálico",
        "area": 1507.61,
        "estado": "No disponible",
        "departamento": "Cochinoca",
        "cluster": "RINCONADA SUR"
      },
      "geometry": {
        "type": "MultiPolygon",
        "coordinates": [
          [
            [
              [
                -66.60302618441521,
                -22.83381988124344
              ],
              [
                -66.56474183512483,
                -22.83396022002749
              ],
              [
                -66.56496193817605,
                -22.887216514076226
              ],
              [
                -66.5853297799424,
                -22.88714283600655
              ],
              [
                -66.58516083261713,
                -22.84770193100476
              ],
              [
                -66.59795277872537,
                -22.847654401101416
              ],
              [
                -66.59794784385993,
                -22.846525711913735
              ],
              [
                -66.60308210685037,
                -22.8465063468411
              ],
              [
                -66.60302618441521,
                -22.83381988124344
              ]
            ]
          ]
        ]
      }
    },
    {
      "type": "Feature",
      "properties": {
        "expediente": "2870-J-2021",
        "rg_tipo": "cateo",
        "tipo_miner": "Polimetálico",
        "area": 1896.91,
        "estado": "Disponible",
        "departamento": "Rinconada",
        "cluster": "RINCONADA NORTE"
      },
      "geometry": {
        "type": "MultiPolygon",
        "coordinates": [
          [
            [
              [
                -66.75683680599825,
                -22.434231872751973
              ],
              [
                -66.75708195022654,
                -22.479380148639432
              ],
              [
                -66.79594668684273,
                -22.479192976067313
              ],
              [
                -66.79574528613952,
                -22.443921864359815
              ],
              [
                -66.78164842037157,
                -22.437165511090047
              ],
              [
                -66.78192961472315,
                -22.434112324256606
              ],
              [
                -66.75683680599825,
                -22.434231872751973
              ]
            ]
          ]
        ]
      }
    },
    {
      "type": "Feature",
      "properties": {
        "expediente": "2869-J-2021",
        "rg_tipo": "cateo",
        "tipo_miner": "Oro aluvional",
        "area": 2282.44,
        "estado": "Disponible",
        "departamento": "Cochinoca",
        "cluster": "OROSMAYO"
      },
      "geometry": {
        "type": "MultiPolygon",
        "coordinates": [
          [
            [
              [
                -66.1546467537836,
                -22.72263360125929
              ],
              [
                -66.154598231176,
                -22.6794063221634
              ],
              [
                -66.10820034997039,
                -22.67944439472351
              ],
              [
                -66.10823431010104,
                -22.72267175431036
              ],
              [
                -66.1546467537836,
                -22.72263360125929
              ]
            ]
          ]
        ]
      }
    },
    {
      "type": "Feature",
      "properties": {
        "expediente": "2872-J-2021",
        "rg_tipo": "cateo",
        "tipo_miner": "Epitermal de metales preciosos",
        "area": 3249.25,
        "estado": "No disponible",
        "departamento": "Santa catalina",
        "cluster": "SANTA CATALINA NORTE"
      },
      "geometry": {
        "type": "MultiPolygon",
        "coordinates": [
          [
            [
              [
                -66.11560862726526,
                -21.904232997200594
              ],
              [
                -66.064065756254,
                -21.904261132264615
              ],
              [
                -66.06408501575551,
                -21.947293989621134
              ],
              [
                -66.09188743447957,
                -21.94728079487117
              ],
              [
                -66.09190426861504,
                -21.973461622957508
              ],
              [
                -66.11566456785877,
                -21.9734466020578
              ],
              [
                -66.11560862726526,
                -21.904232997200594
              ]
            ]
          ]
        ]
      }
    },
    {
      "type": "Feature",
      "properties": {
        "expediente": "2880-J-2022",
        "rg_tipo": "cateo",
        "tipo_miner": "Epitermal de metales preciosos",
        "area": 971.48,
        "estado": "Disponible",
        "departamento": "Susques",
        "cluster": "SUSQUES SUR"
      },
      "geometry": {
        "type": "MultiPolygon",
        "coordinates": [
          [
            [
              [
                -66.47709168855206,
                -24.120481812603575
              ],
              [
                -66.44486173433498,
                -24.120579073576923
              ],
              [
                -66.44482652756126,
                -24.1103924813435
              ],
              [
                -66.4365946921002,
                -24.118209507474756
              ],
              [
                -66.4449398156006,
                -24.143150592185723
              ],
              [
                -66.47717542625107,
                -24.143053228848657
              ],
              [
                -66.47709168855206,
                -24.120481812603575
              ]
            ]
          ]
        ]
      }
    },
    {
      "type": "Feature",
      "properties": {
        "expediente": "2879-J-2022",
        "rg_tipo": "cateo",
        "tipo_miner": "Alcalinos complejos",
        "area": 3340.52,
        "estado": "No disponible",
        "departamento": "Cochinoca",
        "cluster": "COCHINOCA SUR"
      },
      "geometry": {
        "type": "MultiPolygon",
        "coordinates": [
          [
            [
              [
                -65.99448974445171,
                -23.486624030803977
              ],
              [
                -65.9944886168595,
                -23.513738895687784
              ],
              [
                -66.00107333325204,
                -23.51373898951359
              ],
              [
                -66.0894250123549,
                -23.46524097892452
              ],
              [
                -66.08968005960318,
                -23.464917042076582
              ],
              [
                -66.09089905839211,
                -23.46424302210852
              ],
              [
                -66.09159702080649,
                -23.463674039221743
              ],
              [
                -66.09171649775175,
                -23.462354427968908
              ],
              [
                -66.09220798460217,
                -23.46186502130476
              ],
              [
                -66.09311499698957,
                -23.46116597622285
              ],
              [
                -66.09332103936532,
                -23.460770008752863
              ],
              [
                -66.093299493099,
                -23.459914676338478
              ],
              [
                -66.09411007753562,
                -23.459073110365335
              ],
              [
                -66.09483595612704,
                -23.45886644162686
              ],
              [
                -66.0959830081969,
                -23.45883305407372
              ],
              [
                -66.09686536643223,
                -23.45847142708004
              ],
              [
                -66.09776299410113,
                -23.458251003755706
              ],
              [
                -66.09916410196222,
                -23.456492205191935
              ],
              [
                -66.10025585462817,
                -23.45583679289493
              ],
              [
                -66.1002389984663,
                -23.433495391931917
              ],
              [
                -65.99448974445171,
                -23.486624030803977
              ]
            ]
          ]
        ]
      }
    },
    {
      "type": "Feature",
      "properties": {
        "expediente": "3030-J-2022",
        "rg_tipo": "cateo",
        "tipo_miner": "Polimetálico",
        "area": 5488.61,
        "estado": "Disponible",
        "departamento": "Cochinoca",
        "cluster": "RUMICRUZ"
      },
      "geometry": {
        "type": "MultiPolygon",
        "coordinates": [
          [
            [
              [
                -65.56763010350508,
                -22.77835321368604
              ],
              [
                -65.56797617630967,
                -22.668176280713197
              ],
              [
                -65.52419108551607,
                -22.66805221194839
              ],
              [
                -65.52380994173264,
                -22.778228475798663
              ],
              [
                -65.56763010350508,
                -22.77835321368604
              ]
            ],
            [
              [
                -65.55711345074734,
                -22.772011662472618
              ],
              [
                -65.55701566476155,
                -22.770207938835192
              ],
              [
                -65.55798818184998,
                -22.77016259554813
              ],
              [
                -65.55808598060439,
                -22.771966318801603
              ],
              [
                -65.55711345074734,
                -22.772011662472618
              ]
            ]
          ]
        ]
      }
    },
    {
      "type": "Feature",
      "properties": {
        "expediente": "2674-J-2020",
        "rg_tipo": "cateo",
        "tipo_miner": "Oro aluvional",
        "area": 499.97,
        "estado": "No disponible",
        "departamento": "Rinconada",
        "cluster": "OROSMAYO"
      },
      "geometry": {
        "type": "MultiPolygon",
        "coordinates": [
          [
            [
              [
                -66.34997426621318,
                -22.524900048569492
              ],
              [
                -66.33743024410583,
                -22.49310548704644
              ],
              [
                -66.32531497038008,
                -22.497375180100175
              ],
              [
                -66.3378566342521,
                -22.52917069766044
              ],
              [
                -66.34997426621318,
                -22.524900048569492
              ]
            ]
          ]
        ]
      }
    },
    {
      "type": "Feature",
      "properties": {
        "expediente": "38-T-1998",
        "rg_tipo": "mina vacante solicitada",
        "tipo_miner": "Borato y sales de boro",
        "area": 2897.87,
        "estado": "Disponible",
        "departamento": "Susques",
        "cluster": "SUSQUES CENTRO"
      },
      "geometry": {
        "type": "MultiPolygon",
        "coordinates": [
          [
            [
              [
                -66.6241763989469,
                -23.12067736542442
              ],
              [
                -66.6242391869078,
                -23.134247630956796
              ],
              [
                -66.63192847384259,
                -23.129947412180105
              ],
              [
                -66.63497551392234,
                -23.134621197400485
              ],
              [
                -66.62426856370428,
                -23.14059326533824
              ],
              [
                -66.62430177644863,
                -23.147764791543334
              ],
              [
                -66.62451115944127,
                -23.192910293477187
              ],
              [
                -66.65381298105738,
                -23.192791285621418
              ],
              [
                -66.65379070799364,
                -23.188209344173433
              ],
              [
                -66.64871664435611,
                -23.184168346145803
              ],
              [
                -66.65374499106919,
                -23.178800940971726
              ],
              [
                -66.65359377556248,
                -23.147646041727583
              ],
              [
                -66.67312166548786,
                -23.147563851224145
              ],
              [
                -66.6729864853062,
                -23.1204766869515
              ],
              [
                -66.6241763989469,
                -23.12067736542442
              ]
            ]
          ]
        ]
      }
    },
    {
      "type": "Feature",
      "properties": {
        "expediente": "2968-J-2022",
        "rg_tipo": "cateo",
        "tipo_miner": "Oro aluvional",
        "area": 1499.95,
        "estado": "No disponible",
        "departamento": "Rinconada",
        "cluster": "OROSMAYO"
      },
      "geometry": {
        "type": "MultiPolygon",
        "coordinates": [
          [
            [
              [
                -66.29631508232823,
                -22.448555738810608
              ],
              [
                -66.28438237622439,
                -22.44857720262366
              ],
              [
                -66.28451534250503,
                -22.46298799219766
              ],
              [
                -66.27673811390501,
                -22.463001519790996
              ],
              [
                -66.27675906025348,
                -22.473547588870325
              ],
              [
                -66.26091842100121,
                -22.473573994167783
              ],
              [
                -66.26092504047011,
                -22.482293786263376
              ],
              [
                -66.2792200636083,
                -22.48226314039027
              ],
              [
                -66.27923544884251,
                -22.48993375372049
              ],
              [
                -66.31496127464521,
                -22.489867903503693
              ],
              [
                -66.31491734054123,
                -22.470441776129448
              ],
              [
                -66.30713382156343,
                -22.46108102985198
              ],
              [
                -66.29621126340803,
                -22.461101451861527
              ],
              [
                -66.29631508232823,
                -22.448555738810608
              ]
            ]
          ]
        ]
      }
    },
    {
      "type": "Feature",
      "properties": {
        "expediente": "2970-J-2022",
        "rg_tipo": "cateo",
        "tipo_miner": "Oro aluvional",
        "area": 308.4,
        "estado": "No disponible",
        "departamento": "Rinconada",
        "cluster": "OROSMAYO"
      },
      "geometry": {
        "type": "MultiPolygon",
        "coordinates": [
          [
            [
              [
                -66.33163804222086,
                -22.53131513197421
              ],
              [
                -66.33165960863684,
                -22.540345699786695
              ],
              [
                -66.33183079870619,
                -22.54034534683037
              ],
              [
                -66.33280921070394,
                -22.539765029138053
              ],
              [
                -66.3399982730443,
                -22.550223265963854
              ],
              [
                -66.34626604466699,
                -22.55020510901828
              ],
              [
                -66.3462688062723,
                -22.551311847408446
              ],
              [
                -66.35112977407326,
                -22.55130130894457
              ],
              [
                -66.35111862355791,
                -22.5468940899245
              ],
              [
                -66.35100118804,
                -22.546625920510603
              ],
              [
                -66.35111783395595,
                -22.546581959660752
              ],
              [
                -66.34557201045489,
                -22.53275269151035
              ],
              [
                -66.340366762209,
                -22.53445370435376
              ],
              [
                -66.33993137128805,
                -22.53330371950611
              ],
              [
                -66.3451139514437,
                -22.531610083999176
              ],
              [
                -66.34498435110275,
                -22.531287078991493
              ],
              [
                -66.33163804222086,
                -22.53131513197421
              ]
            ]
          ]
        ]
      }
    },
    {
      "type": "Feature",
      "properties": {
        "expediente": "2971-J-2022",
        "rg_tipo": "cateo",
        "tipo_miner": "Oro aluvional",
        "area": 1983.04,
        "estado": "No disponible",
        "departamento": "Rinconada",
        "cluster": "OROSMAYO"
      },
      "geometry": {
        "type": "MultiPolygon",
        "coordinates": [
          [
            [
              [
                -66.35362006934082,
                -22.66240615389299
              ],
              [
                -66.35370512849282,
                -22.695571448348606
              ],
              [
                -66.36343720128332,
                -22.695549643783895
              ],
              [
                -66.36353490873675,
                -22.7325532192322
              ],
              [
                -66.38641137975857,
                -22.732499552247983
              ],
              [
                -66.3862860089105,
                -22.687820593124467
              ],
              [
                -66.38287998470672,
                -22.687828775698602
              ],
              [
                -66.38287622233192,
                -22.686474277820828
              ],
              [
                -66.3791369292764,
                -22.686483177080937
              ],
              [
                -66.37961327992093,
                -22.680225937563502
              ],
              [
                -66.38157490350261,
                -22.673699857325953
              ],
              [
                -66.38031937309688,
                -22.67116060963231
              ],
              [
                -66.37438861872023,
                -22.662991076620546
              ],
              [
                -66.35362006934082,
                -22.66240615389299
              ]
            ]
          ]
        ]
      }
    },
    {
      "type": "Feature",
      "properties": {
        "expediente": "2972-J-2022",
        "rg_tipo": "cateo",
        "tipo_miner": "Oro aluvional",
        "area": 420.65,
        "estado": "No disponible",
        "departamento": "Rinconada",
        "cluster": "OROSMAYO"
      },
      "geometry": {
        "type": "MultiPolygon",
        "coordinates": [
          [
            [
              [
                -66.3471524701335,
                -22.532236101473902
              ],
              [
                -66.34557201045489,
                -22.53275269151035
              ],
              [
                -66.35111783395595,
                -22.546581959660752
              ],
              [
                -66.35280224269931,
                -22.545945436173593
              ],
              [
                -66.35463378683835,
                -22.55012781993785
              ],
              [
                -66.35452247897639,
                -22.55016897220434
              ],
              [
                -66.36317260084459,
                -22.550154821140225
              ],
              [
                -66.36310648000169,
                -22.524870964719952
              ],
              [
                -66.34997426621318,
                -22.524900048569492
              ],
              [
                -66.34357718476807,
                -22.527154776005627
              ],
              [
                -66.34535142739726,
                -22.531532456316715
              ],
              [
                -66.3467169333064,
                -22.531086135491687
              ],
              [
                -66.3471524701335,
                -22.532236101473902
              ]
            ],
            [
              [
                -66.34927460345006,
                -22.5323976666651
              ],
              [
                -66.34792403786886,
                -22.528060384529866
              ],
              [
                -66.34979151358237,
                -22.527558499747286
              ],
              [
                -66.35114213213326,
                -22.53189576580398
              ],
              [
                -66.34927460345006,
                -22.5323976666651
              ]
            ]
          ],
          [
            [
              [
                -66.35255477633372,
                -22.5501732971722
              ],
              [
                -66.35111862366648,
                -22.546894132844923
              ],
              [
                -66.35112692777709,
                -22.550176420481232
              ],
              [
                -66.35255477633372,
                -22.5501732971722
              ]
            ]
          ]
        ]
      }
    },
    {
      "type": "Feature",
      "properties": {
        "expediente": "2973-J-2022",
        "rg_tipo": "cateo",
        "tipo_miner": "Oro aluvional",
        "area": 1751.58,
        "estado": "No disponible",
        "departamento": "Rinconada",
        "cluster": "OROSMAYO"
      },
      "geometry": {
        "type": "MultiPolygon",
        "coordinates": [
          [
            [
              [
                -66.29519007503029,
                -22.63453677998965
              ],
              [
                -66.29519617503995,
                -22.637392376635393
              ],
              [
                -66.29211990795892,
                -22.637398009914502
              ],
              [
                -66.29212591618831,
                -22.64025360638313
              ],
              [
                -66.28597329088261,
                -22.640264697389476
              ],
              [
                -66.28599694118861,
                -22.651686961681595
              ],
              [
                -66.28907350872777,
                -22.65168144260259
              ],
              [
                -66.28907948731324,
                -22.65453700761625
              ],
              [
                -66.27984951313753,
                -22.654553390124416
              ],
              [
                -66.27985823681479,
                -22.658856655081454
              ],
              [
                -66.29523353389555,
                -22.658829065388186
              ],
              [
                -66.29523511768369,
                -22.659569533546538
              ],
              [
                -66.31898809181693,
                -22.65950215654385
              ],
              [
                -66.3189026272796,
                -22.62252452999833
              ],
              [
                -66.27015951347187,
                -22.622614008267785
              ],
              [
                -66.2702304261822,
                -22.658873180271044
              ],
              [
                -66.2737047177312,
                -22.65886728369913
              ],
              [
                -66.27369618586415,
                -22.65456401650432
              ],
              [
                -66.2706195305864,
                -22.65456924108646
              ],
              [
                -66.270613933768,
                -22.65171367156869
              ],
              [
                -66.27984370597711,
                -22.651697822855535
              ],
              [
                -66.27982056449198,
                -22.64027555249248
              ],
              [
                -66.27672260317733,
                -22.64028092878599
              ],
              [
                -66.2767111659353,
                -22.634569727297666
              ],
              [
                -66.29519007503029,
                -22.63453677998965
              ]
            ]
          ]
        ]
      }
    },
    {
      "type": "Feature",
      "properties": {
        "expediente": "2967-J-2022",
        "rg_tipo": "cateo",
        "tipo_miner": "Oro aluvional",
        "area": 1947.69,
        "estado": "No disponible",
        "departamento": "Rinconada",
        "cluster": "OROSMAYO"
      },
      "geometry": {
        "type": "MultiPolygon",
        "coordinates": [
          [
            [
              [
                -66.31877308104437,
                -22.58740893870274
              ],
              [
                -66.27009476762917,
                -22.587498160171354
              ],
              [
                -66.27016330700724,
                -22.62261400188014
              ],
              [
                -66.3189026272796,
                -22.62252452999833
              ],
              [
                -66.31889210744035,
                -22.61796241516116
              ],
              [
                -66.31877308104437,
                -22.58740893870274
              ]
            ]
          ]
        ]
      }
    },
    {
      "type": "Feature",
      "properties": {
        "expediente": "2987-J-2022",
        "rg_tipo": "cateo",
        "tipo_miner": "Sin especificar",
        "area": 1640.29,
        "estado": "Disponible",
        "departamento": "Cochinoca",
        "cluster": "COCHINOCA SUR"
      },
      "geometry": {
        "type": "MultiPolygon",
        "coordinates": [
          [
            [
              [
                -65.94132668226544,
                -23.343707362382307
              ],
              [
                -65.94123925936199,
                -23.343706637947903
              ],
              [
                -65.94124357561186,
                -23.333896692299746
              ],
              [
                -65.9391008774019,
                -23.333701560235667
              ],
              [
                -65.93909326681123,
                -23.350387236891834
              ],
              [
                -65.9413237458603,
                -23.350388088709323
              ],
              [
                -65.94131420270806,
                -23.372082973678374
              ],
              [
                -65.9618053224554,
                -23.37208931806792
              ],
              [
                -65.96181048785068,
                -23.354048545773242
              ],
              [
                -65.9747000582075,
                -23.354051159565703
              ],
              [
                -65.97470196695606,
                -23.34398036216982
              ],
              [
                -65.94132656622659,
                -23.343971413761608
              ],
              [
                -65.94132668226544,
                -23.343707362382307
              ]
            ]
          ],
          [
            [
              [
                -66.00499891739122,
                -23.394559033159133
              ],
              [
                -65.99308368964614,
                -23.394558960092226
              ],
              [
                -65.99308283026038,
                -23.411100768904575
              ],
              [
                -65.94227539808769,
                -23.411090259392065
              ],
              [
                -65.94227187248104,
                -23.41921667695598
              ],
              [
                -66.00499984388507,
                -23.419227263695213
              ],
              [
                -66.00499891739122,
                -23.394559033159133
              ]
            ]
          ]
        ]
      }
    },
    {
      "type": "Feature",
      "properties": {
        "expediente": "2988-J-2022",
        "rg_tipo": "cateo",
        "tipo_miner": "Alcalinos complejos",
        "area": 6525.39,
        "estado": "Disponible",
        "departamento": "Cochinoca",
        "cluster": "COCHINOCA SUR"
      },
      "geometry": {
        "type": "MultiPolygon",
        "coordinates": [
          [
            [
              [
                -66.05867343377341,
                -23.343971413761608
              ],
              [
                -65.97470196695606,
                -23.34398036216982
              ],
              [
                -65.9747000582075,
                -23.354051159565703
              ],
              [
                -65.96181048785068,
                -23.354048545773242
              ],
              [
                -65.9618053224554,
                -23.37208931806792
              ],
              [
                -65.98141616079323,
                -23.37209287657713
              ],
              [
                -65.98141071814099,
                -23.411099816236586
              ],
              [
                -65.99308283026038,
                -23.411100768904575
              ],
              [
                -65.99308368964614,
                -23.394558960092226
              ],
              [
                -66.00504783047708,
                -23.394559031587477
              ],
              [
                -66.00499984388507,
                -23.419227263695213
              ],
              [
                -66.04011616049235,
                -23.419222192656516
              ],
              [
                -66.04012197684195,
                -23.43849983225019
              ],
              [
                -66.05871508169047,
                -23.43849394649444
              ],
              [
                -66.05867343377341,
                -23.343971413761608
              ]
            ],
            [
              [
                -66.03757201762023,
                -23.379364548031372
              ],
              [
                -66.0375822089835,
                -23.415482051948267
              ],
              [
                -66.02535201713764,
                -23.415484515288806
              ],
              [
                -66.0253451422981,
                -23.37936700713007
              ],
              [
                -66.03757201762023,
                -23.379364548031372
              ]
            ]
          ]
        ]
      }
    },
    {
      "type": "Feature",
      "properties": {
        "expediente": "3023-J-2022",
        "rg_tipo": "cateo",
        "tipo_miner": "Alcalinos complejos",
        "area": 464.03,
        "estado": "No disponible",
        "departamento": "Cochinoca",
        "cluster": "COCHINOCA SUR"
      },
      "geometry": {
        "type": "MultiPolygon",
        "coordinates": [
          [
            [
              [
                -66.10022645156229,
                -23.41684756106757
              ],
              [
                -66.0908058899909,
                -23.41685332087194
              ],
              [
                -66.09081749419954,
                -23.4338475212032
              ],
              [
                -66.05871303609408,
                -23.43386289425644
              ],
              [
                -66.05871508169047,
                -23.43849394649444
              ],
              [
                -66.07222893734564,
                -23.438488278943318
              ],
              [
                -66.07223387749376,
                -23.447576377822685
              ],
              [
                -66.1002389984663,
                -23.433495391931917
              ],
              [
                -66.10022645156229,
                -23.41684756106757
              ]
            ]
          ]
        ]
      }
    },
    {
      "type": "Feature",
      "properties": {
        "expediente": "3053-J-2023",
        "rg_tipo": "cateo",
        "tipo_miner": "Alcalinos complejos",
        "area": 100.0,
        "estado": "No disponible",
        "departamento": "Tumbaya",
        "cluster": "COCHINOCA SUR"
      },
      "geometry": {
        "type": "MultiPolygon",
        "coordinates": [
          [
            [
              [
                -66.0115961666302,
                -23.735455509237635
              ],
              [
                -66.01556497229804,
                -23.7531400332291
              ],
              [
                -66.02036810968357,
                -23.75222655616852
              ],
              [
                -66.01639868342878,
                -23.734542153740218
              ],
              [
                -66.0115961666302,
                -23.735455509237635
              ]
            ]
          ]
        ]
      }
    },
    {
      "type": "Feature",
      "properties": {
        "expediente": "3052-J-2023",
        "rg_tipo": "cateo",
        "tipo_miner": "Alcalinos complejos",
        "area": 2506.23,
        "estado": "No disponible",
        "departamento": "Cochinoca",
        "cluster": "COCHINOCA SUR"
      },
      "geometry": {
        "type": "MultiPolygon",
        "coordinates": [
          [
            [
              [
                -65.8095029923285,
                -23.28512362563996
              ],
              [
                -65.80959477234998,
                -23.220499895477115
              ],
              [
                -65.79028958120644,
                -23.220475332503433
              ],
              [
                -65.79014567490154,
                -23.312404346473816
              ],
              [
                -65.80763589967758,
                -23.312426785099102
              ],
              [
                -65.80759550886918,
                -23.34048115774096
              ],
              [
                -65.81999783805699,
                -23.340471252960374
              ],
              [
                -65.82000640693315,
                -23.33411328946558
              ],
              [
                -65.82497911214988,
                -23.327674894242627
              ],
              [
                -65.82499769103366,
                -23.313485515248605
              ],
              [
                -65.83592708709234,
                -23.313497336023758
              ],
              [
                -65.83884106920061,
                -23.309722887674447
              ],
              [
                -65.80271184312348,
                -23.301288623302938
              ],
              [
                -65.79791968525815,
                -23.301282521127536
              ],
              [
                -65.79794410356268,
                -23.285109165826125
              ],
              [
                -65.8095029923285,
                -23.28512362563996
              ]
            ]
          ]
        ]
      }
    },
    {
      "type": "Feature",
      "properties": {
        "expediente": "3119-J-2023",
        "rg_tipo": "cateo",
        "tipo_miner": "Oro aluvional",
        "area": 299.98,
        "estado": "No disponible",
        "departamento": "Rinconada",
        "cluster": "OROSMAYO"
      },
      "geometry": {
        "type": "MultiPolygon",
        "coordinates": [
          [
            [
              [
                -66.16967882802497,
                -22.47132278638619
              ],
              [
                -66.17292855946882,
                -22.489125641736035
              ],
              [
                -66.18729969058028,
                -22.486859755111364
              ],
              [
                -66.18404807742412,
                -22.46905358401601
              ],
              [
                -66.16967882802497,
                -22.47132278638619
              ]
            ]
          ]
        ]
      }
    },
    {
      "type": "Feature",
      "properties": {
        "expediente": "3195-J-2023",
        "rg_tipo": "cateo",
        "tipo_miner": "Epitermal de metales preciosos",
        "area": 4986.62,
        "estado": "Disponible",
        "departamento": "Susques",
        "cluster": "SUSQUES SUR"
      },
      "geometry": {
        "type": "MultiPolygon",
        "coordinates": [
          [
            [
              [
                -66.57996629451574,
                -24.077242594904526
              ],
              [
                -66.56051616517908,
                -24.077315105491717
              ],
              [
                -66.5604390434104,
                -24.059565741608335
              ],
              [
                -66.49809360441593,
                -24.05977502672923
              ],
              [
                -66.44482652756126,
                -24.1103924813435
              ],
              [
                -66.54077051265205,
                -24.110083060501
              ],
              [
                -66.5406956676127,
                -24.092256071396065
              ],
              [
                -66.58003320377851,
                -24.09211189331889
              ],
              [
                -66.57996629451574,
                -24.077242594904526
              ]
            ],
            [
              [
                -66.45795615240837,
                -24.10582507342943
              ],
              [
                -66.45795936334622,
                -24.106727899455567
              ],
              [
                -66.45599223271118,
                -24.106733781656022
              ],
              [
                -66.45598903556451,
                -24.105830955382203
              ],
              [
                -66.45795615240837,
                -24.10582507342943
              ]
            ]
          ]
        ]
      }
    },
    {
      "type": "Feature",
      "properties": {
        "expediente": "3568-J-2025",
        "rg_tipo": "area de reserva",
        "tipo_miner": "Sin especificar",
        "area": 163.32,
        "estado": "Disponible",
        "departamento": "Humahuaca",
        "cluster": "HUMAHUACA"
      },
      "geometry": {
        "type": "MultiPolygon",
        "coordinates": [
          [
            [
              [
                -65.08349655138056,
                -23.031657879805962
              ],
              [
                -65.08341693052,
                -23.04342819132358
              ],
              [
                -65.09417206078659,
                -23.043490157872267
              ],
              [
                -65.09429818978965,
                -23.02461945945792
              ],
              [
                -65.0934129999966,
                -23.02608999999819
              ],
              [
                -65.09314499999854,
                -23.027793000001612
              ],
              [
                -65.09202000000089,
                -23.028501999998237
              ],
              [
                -65.09112100000381,
                -23.030534000002962
              ],
              [
                -65.08935100000157,
                -23.031695999999574
              ],
              [
                -65.08617100000406,
                -23.030521000002846
              ],
              [
                -65.08419199999777,
                -23.03125100000209
              ],
              [
                -65.08349655138056,
                -23.031657879805962
              ]
            ]
          ]
        ]
      }
    },
    {
      "type": "Feature",
      "properties": {
        "expediente": "3552-J-2025",
        "rg_tipo": "area de reserva",
        "tipo_miner": "Sin especificar",
        "area": 181.65,
        "estado": "Disponible",
        "departamento": "Rinconada",
        "cluster": "OROSMAYO"
      },
      "geometry": {
        "type": "MultiPolygon",
        "coordinates": [
          [
            [
              [
                -66.27255374735942,
                -22.462238533134173
              ],
              [
                -66.26089480299879,
                -22.462257807351627
              ],
              [
                -66.26091541153623,
                -22.473264167322412
              ],
              [
                -66.26742147700388,
                -22.47338255448442
              ],
              [
                -66.26742182406669,
                -22.47356334168397
              ],
              [
                -66.27675906025348,
                -22.473547588870325
              ],
              [
                -66.27675395707892,
                -22.470978822911004
              ],
              [
                -66.27255374735942,
                -22.462238533134173
              ]
            ]
          ]
        ]
      }
    },
    {
      "type": "Feature",
      "properties": {
        "expediente": "3283-J-2023",
        "rg_tipo": "cateo",
        "tipo_miner": "Sin especificar",
        "area": 479.71,
        "estado": "Disponible",
        "departamento": "Susques",
        "cluster": "SUSQUES CENTRO"
      },
      "geometry": {
        "type": "MultiPolygon",
        "coordinates": [
          [
            [
              [
                -66.66964075031208,
                -23.166225835966543
              ],
              [
                -66.65368424946361,
                -23.16629286485889
              ],
              [
                -66.65374499105401,
                -23.178800937847683
              ],
              [
                -66.65374499276946,
                -23.178800939149795
              ],
              [
                -66.65385449072302,
                -23.178684051342902
              ],
              [
                -66.6631323404279,
                -23.18592838586049
              ],
              [
                -66.65793207341828,
                -23.191507231614132
              ],
              [
                -66.65379070799368,
                -23.188209344182447
              ],
              [
                -66.65381298105738,
                -23.192791285621418
              ],
              [
                -66.65346136035605,
                -23.192792746052852
              ],
              [
                -66.65348078841032,
                -23.196790615985226
              ],
              [
                -66.66979253660888,
                -23.196722028063036
              ],
              [
                -66.66964075031208,
                -23.166225835966543
              ]
            ]
          ]
        ]
      }
    },
    {
      "type": "Feature",
      "properties": {
        "expediente": "3100-J-2023",
        "rg_tipo": "cateo",
        "tipo_miner": "Epitermal de metales preciosos",
        "area": 4537.57,
        "estado": "No disponible",
        "departamento": "Santa catalina",
        "cluster": "SANTA CATALINA NORTE"
      },
      "geometry": {
        "type": "MultiPolygon",
        "coordinates": [
          [
            [
              [
                -66.09188394949811,
                -21.94728079681989
              ],
              [
                -66.06408511256062,
                -21.947293989583383
              ],
              [
                -66.06411755451069,
                -22.019541721871114
              ],
              [
                -66.07313399408936,
                -22.019537946532022
              ],
              [
                -66.07749153595411,
                -22.03463139483588
              ],
              [
                -66.07751040961952,
                -22.06927605033456
              ],
              [
                -66.10978667444574,
                -22.06925757490384
              ],
              [
                -66.1097344060596,
                -22.001455666933087
              ],
              [
                -66.09191881739197,
                -22.001466619761093
              ],
              [
                -66.09188394949811,
                -21.94728079681989
              ]
            ]
          ]
        ]
      }
    },
    {
      "type": "Feature",
      "properties": {
        "expediente": "3136-J-2023",
        "rg_tipo": "cateo",
        "tipo_miner": "Sin especificar",
        "area": 4978.6,
        "estado": "Disponible",
        "departamento": "Susques",
        "cluster": "SUSQUES CENTRO"
      },
      "geometry": {
        "type": "MultiPolygon",
        "coordinates": [
          [
            [
              [
                -66.7154354793701,
                -23.09344600818642
              ],
              [
                -66.695242153316,
                -23.093536215795655
              ],
              [
                -66.69556790812376,
                -23.15673937434485
              ],
              [
                -66.69722787983426,
                -23.156732037478683
              ],
              [
                -66.69755556245552,
                -23.219934662583817
              ],
              [
                -66.73760877628254,
                -23.219751864221582
              ],
              [
                -66.73711415755132,
                -23.129463034968385
              ],
              [
                -66.71562688598331,
                -23.1295620042202
              ],
              [
                -66.7154354793701,
                -23.09344600818642
              ]
            ]
          ]
        ]
      }
    },
    {
      "type": "Feature",
      "properties": {
        "expediente": "2764-J-2021",
        "rg_tipo": "cateo",
        "tipo_miner": "Polimetálico",
        "area": 4938.91,
        "estado": "Disponible",
        "departamento": "Susques",
        "cluster": "POQUIS"
      },
      "geometry": {
        "type": "MultiPolygon",
        "coordinates": [
          [
            [
              [
                -66.98948308910207,
                -22.998264388269124
              ],
              [
                -66.9694986848217,
                -22.99833614686377
              ],
              [
                -66.96957504081017,
                -23.00902430197289
              ],
              [
                -66.95534665069026,
                -23.009110792219186
              ],
              [
                -66.95591997808572,
                -23.090349912646456
              ],
              [
                -67.01926947776863,
                -23.089953696242336
              ],
              [
                -66.99792855366411,
                -23.022948850139375
              ],
              [
                -66.98948308910207,
                -22.998264388269124
              ]
            ]
          ]
        ]
      }
    },
    {
      "type": "Feature",
      "properties": {
        "expediente": "1717-N-2012",
        "rg_tipo": "solicitud de mina",
        "tipo_miner": "Diseminado de oro y cobre",
        "area": 3183.05,
        "estado": "Disponible",
        "departamento": "Rinconada",
        "cluster": "POQUIS"
      },
      "geometry": {
        "type": "MultiPolygon",
        "coordinates": [
          [
            [
              [
                -67.02194382412723,
                -22.839041678419857
              ],
              [
                -66.96447203302189,
                -22.839400131584007
              ],
              [
                -66.96481590668533,
                -22.888109982838785
              ],
              [
                -67.02230818037874,
                -22.88775068040629
              ],
              [
                -67.02194382412723,
                -22.839041678419857
              ]
            ]
          ]
        ]
      }
    },
    {
      "type": "Feature",
      "properties": {
        "expediente": "2763-J-2021",
        "rg_tipo": "cateo",
        "tipo_miner": "Polimetálico",
        "area": 4824.0,
        "estado": "Disponible",
        "departamento": "Santa catalina",
        "cluster": "RINCONADA NORTE"
      },
      "geometry": {
        "type": "MultiPolygon",
        "coordinates": [
          [
            [
              [
                -66.41461219750161,
                -22.25845848468452
              ],
              [
                -66.41465742453602,
                -22.27381020218347
              ],
              [
                -66.42047896515814,
                -22.273795234712193
              ],
              [
                -66.42054107739197,
                -22.294565143720437
              ],
              [
                -66.44188983603885,
                -22.294508419450477
              ],
              [
                -66.44194380880299,
                -22.311666081937386
              ],
              [
                -66.45358997893739,
                -22.311633930518845
              ],
              [
                -66.4536483477297,
                -22.32969455978459
              ],
              [
                -66.50218006228313,
                -22.329551467198105
              ],
              [
                -66.50207994108838,
                -22.301557672872697
              ],
              [
                -66.48558249207929,
                -22.30160788492512
              ],
              [
                -66.48543286251763,
                -22.258262355936182
              ],
              [
                -66.41461219750161,
                -22.25845848468452
              ]
            ]
          ]
        ]
      }
    },
    {
      "type": "Feature",
      "properties": {
        "expediente": "2969-J-2022",
        "rg_tipo": "cateo",
        "tipo_miner": "Oro aluvional",
        "area": 209.02,
        "estado": "No disponible",
        "departamento": "Rinconada",
        "cluster": "OROSMAYO"
      },
      "geometry": {
        "type": "MultiPolygon",
        "coordinates": [
          [
            [
              [
                -66.35471023262055,
                -22.574546231246405
              ],
              [
                -66.35465673257026,
                -22.553628128293436
              ],
              [
                -66.35429636179475,
                -22.553403508463123
              ],
              [
                -66.35465489001099,
                -22.552907260968063
              ],
              [
                -66.35465098907771,
                -22.551380995792666
              ],
              [
                -66.35365032616778,
                -22.551389429979398
              ],
              [
                -66.35365929393181,
                -22.55490785368709
              ],
              [
                -66.35182784219033,
                -22.554993774846633
              ],
              [
                -66.35183242228048,
                -22.556799807851903
              ],
              [
                -66.34697126220425,
                -22.55681036998127
              ],
              [
                -66.34696674539269,
                -22.555004336039364
              ],
              [
                -66.3487982010983,
                -22.55491847020008
              ],
              [
                -66.34878912121872,
                -22.551306401763455
              ],
              [
                -66.34512013568562,
                -22.551461237996428
              ],
              [
                -66.34547420872656,
                -22.552436554758497
              ],
              [
                -66.3408679348058,
                -22.55387902840677
              ],
              [
                -66.34154267121052,
                -22.55669015009343
              ],
              [
                -66.34339321575641,
                -22.556135636585946
              ],
              [
                -66.34979312480932,
                -22.57455700870652
              ],
              [
                -66.34994603058134,
                -22.5745566758296
              ],
              [
                -66.3497914215014,
                -22.57469120112011
              ],
              [
                -66.35145347732563,
                -22.576338655579697
              ],
              [
                -66.35351040093967,
                -22.574548874948558
              ],
              [
                -66.35471023262055,
                -22.574546231246405
              ]
            ]
          ]
        ]
      }
    },
    {
      "type": "Feature",
      "properties": {
        "expediente": "3490-J-2024",
        "rg_tipo": "area de reserva",
        "tipo_miner": "Sin especificar",
        "area": 1000.0,
        "estado": "Disponible",
        "departamento": "Santa barbara",
        "cluster": "SANTA BARBARA"
      },
      "geometry": {
        "type": "MultiPolygon",
        "coordinates": [
          [
            [
              [
                -64.2773170440423,
                -23.967577089873597
              ],
              [
                -64.25276493813894,
                -23.96729948596706
              ],
              [
                -64.25227768402418,
                -24.003397381602017
              ],
              [
                -64.276836628494,
                -24.00367545507883
              ],
              [
                -64.2773170440423,
                -23.967577089873597
              ]
            ]
          ]
        ]
      }
    },
    {
      "type": "Feature",
      "properties": {
        "expediente": "3491-J-2024",
        "rg_tipo": "area de reserva",
        "tipo_miner": "Oro aluvional",
        "area": 600.0,
        "estado": "Disponible",
        "departamento": "Rinconada",
        "cluster": "OROSMAYO"
      },
      "geometry": {
        "type": "MultiPolygon",
        "coordinates": [
          [
            [
              [
                -66.14646238389122,
                -22.563533938091826
              ],
              [
                -66.13723842155085,
                -22.563542076346963
              ],
              [
                -66.13729503014723,
                -22.620654557035778
              ],
              [
                -66.14652279718852,
                -22.620646395954388
              ],
              [
                -66.14646238389122,
                -22.563533938091826
              ]
            ]
          ]
        ]
      }
    },
    {
      "type": "Feature",
      "properties": {
        "expediente": "3492-J-2024",
        "rg_tipo": "area de reserva",
        "tipo_miner": "Sin especificar",
        "area": 500.0,
        "estado": "Disponible",
        "departamento": "Cochinoca",
        "cluster": "RUMICRUZ"
      },
      "geometry": {
        "type": "MultiPolygon",
        "coordinates": [
          [
            [
              [
                -65.39793778958723,
                -22.68009045556532
              ],
              [
                -65.37847656564148,
                -22.680016098751235
              ],
              [
                -65.37837474718654,
                -22.702590223265155
              ],
              [
                -65.39783915880813,
                -22.70266466215899
              ],
              [
                -65.39793778958723,
                -22.68009045556532
              ]
            ]
          ]
        ]
      }
    },
    {
      "type": "Feature",
      "properties": {
        "expediente": "3493-J-2024",
        "rg_tipo": "area de reserva",
        "tipo_miner": "Sin especificar",
        "area": 927.54,
        "estado": "Disponible",
        "departamento": "Rinconada",
        "cluster": "RINCONADA NORTE"
      },
      "geometry": {
        "type": "MultiPolygon",
        "coordinates": [
          [
            [
              [
                -67.02635105546378,
                -22.53993302975849
              ],
              [
                -66.99864962348259,
                -22.540107359384475
              ],
              [
                -66.99887714523676,
                -22.571708710315804
              ],
              [
                -67.02269574726522,
                -22.571558905569578
              ],
              [
                -67.02635120440011,
                -22.539953175803394
              ],
              [
                -67.02635105546378,
                -22.53993302975849
              ]
            ]
          ]
        ]
      }
    },
    {
      "type": "Feature",
      "properties": {
        "expediente": "3494-J-2024",
        "rg_tipo": "area de reserva",
        "tipo_miner": "Sin especificar",
        "area": 500.0,
        "estado": "Disponible",
        "departamento": "Santa catalina",
        "cluster": "RINCONADA NORTE"
      },
      "geometry": {
        "type": "MultiPolygon",
        "coordinates": [
          [
            [
              [
                -66.36950463538858,
                -22.2455366959644
              ],
              [
                -66.3889059628686,
                -22.245491442433455
              ],
              [
                -66.38884368357697,
                -22.22291522712754
              ],
              [
                -66.3694454628433,
                -22.222960429945484
              ],
              [
                -66.36950463538858,
                -22.2455366959644
              ]
            ]
          ]
        ]
      }
    },
    {
      "type": "Feature",
      "properties": {
        "expediente": "3495-J-2024",
        "rg_tipo": "area de reserva",
        "tipo_miner": "Sin especificar",
        "area": 1000.0,
        "estado": "Disponible",
        "departamento": "Santa barbara",
        "cluster": "SANTA BARBARA"
      },
      "geometry": {
        "type": "MultiPolygon",
        "coordinates": [
          [
            [
              [
                -64.26649115984311,
                -24.003560059792047
              ],
              [
                -64.24193237282141,
                -24.00328033042697
              ],
              [
                -64.2414412701905,
                -24.039377846904852
              ],
              [
                -64.266006909082,
                -24.03965804889139
              ],
              [
                -64.26649115984311,
                -24.003560059792047
              ]
            ]
          ]
        ]
      }
    },
    {
      "type": "Feature",
      "properties": {
        "expediente": "3496-J-2024",
        "rg_tipo": "area de reserva",
        "tipo_miner": "Sin especificar",
        "area": 900.0,
        "estado": "Disponible",
        "departamento": "Susques",
        "cluster": "SUSQUES CENTRO"
      },
      "geometry": {
        "type": "MultiPolygon",
        "coordinates": [
          [
            [
              [
                -66.5642486816052,
                -23.630925551774226
              ],
              [
                -66.53484975215565,
                -23.631029692189955
              ],
              [
                -66.53495984405784,
                -23.658115780352055
              ],
              [
                -66.56436482413433,
                -23.658011506333416
              ],
              [
                -66.5642486816052,
                -23.630925551774226
              ]
            ]
          ]
        ]
      }
    },
    {
      "type": "Feature",
      "properties": {
        "expediente": "3497-J-2024",
        "rg_tipo": "area de reserva",
        "tipo_miner": "Sin especificar",
        "area": 2500.0,
        "estado": "Disponible",
        "departamento": "Susques",
        "cluster": "COCHINOCA SUR"
      },
      "geometry": {
        "type": "MultiPolygon",
        "coordinates": [
          [
            [
              [
                -66.38654720855797,
                -23.44132208247991
              ],
              [
                -66.33761788852883,
                -23.441435579343068
              ],
              [
                -66.33773272975908,
                -23.486581296346905
              ],
              [
                -66.3866786922231,
                -23.486467555252897
              ],
              [
                -66.38654720855797,
                -23.44132208247991
              ]
            ]
          ]
        ]
      }
    },
    {
      "type": "Feature",
      "properties": {
        "expediente": "3194-J-2023",
        "rg_tipo": "cateo",
        "tipo_miner": "Sin especificar",
        "area": 3803.15,
        "estado": "Disponible",
        "departamento": "Susques",
        "cluster": "SUSQUES CENTRO"
      },
      "geometry": {
        "type": "MultiPolygon",
        "coordinates": [
          [
            [
              [
                -66.67267967846415,
                -23.22004305702177
              ],
              [
                -66.6728250942277,
                -23.24905304146596
              ],
              [
                -66.69604524404382,
                -23.248951865489406
              ],
              [
                -66.69620094191805,
                -23.27892768764092
              ],
              [
                -66.72346870881341,
                -23.278804344037642
              ],
              [
                -66.72344871356226,
                -23.275102538698164
              ],
              [
                -66.7400623149435,
                -23.274913749553374
              ],
              [
                -66.74005170534848,
                -23.27299333157968
              ],
              [
                -66.74298552856334,
                -23.272979470929883
              ],
              [
                -66.74269062047351,
                -23.21972794185328
              ],
              [
                -66.67267967846415,
                -23.22004305702177
              ]
            ]
          ]
        ]
      }
    },
    {
      "type": "Feature",
      "properties": {
        "expediente": "3328-J-2024",
        "rg_tipo": "cateo",
        "tipo_miner": "Salar",
        "area": 4131.42,
        "estado": "Disponible",
        "departamento": "Susques",
        "cluster": "SUSQUES SUR"
      },
      "geometry": {
        "type": "MultiPolygon",
        "coordinates": [
          [
            [
              [
                -66.85098237484429,
                -23.67448408020255
              ],
              [
                -66.85411853389554,
                -23.715896738533864
              ],
              [
                -66.93256025629513,
                -23.715443792228573
              ],
              [
                -66.9323998206545,
                -23.69286647685677
              ],
              [
                -66.93040972874799,
                -23.692878449247733
              ],
              [
                -66.93015659550754,
                -23.65712261583405
              ],
              [
                -66.92690686260833,
                -23.65714208358204
              ],
              [
                -66.92698053885391,
                -23.66759285178887
              ],
              [
                -66.90061018061758,
                -23.667748370256785
              ],
              [
                -66.85098237484429,
                -23.67448408020255
              ]
            ]
          ]
        ]
      }
    },
    {
      "type": "Feature",
      "properties": {
        "expediente": "3529-J-2025",
        "rg_tipo": "cateo",
        "tipo_miner": "Polimetálico",
        "area": 2739.07,
        "estado": "No disponible",
        "departamento": "Rinconada",
        "cluster": "RINCONADA SUR"
      },
      "geometry": {
        "type": "MultiPolygon",
        "coordinates": [
          [
            [
              [
                -66.62905230542134,
                -22.968711207519103
              ],
              [
                -66.66154485603194,
                -22.96857896861133
              ],
              [
                -66.66118444779691,
                -22.89435806222519
              ],
              [
                -66.62870959614285,
                -22.894489826254254
              ],
              [
                -66.62905230542134,
                -22.968711207519103
              ]
            ]
          ]
        ]
      }
    },
    {
      "type": "Feature",
      "properties": {
        "expediente": "3530-J-2025",
        "rg_tipo": "cateo",
        "tipo_miner": "Polimetálico",
        "area": 7677.33,
        "estado": "Disponible",
        "departamento": "Susques",
        "cluster": "SUSQUES CENTRO"
      },
      "geometry": {
        "type": "MultiPolygon",
        "coordinates": [
          [
            [
              [
                -66.88969877137431,
                -23.437608452431853
              ],
              [
                -66.90821647608439,
                -23.444319090254197
              ],
              [
                -66.90815776282345,
                -23.435728046158896
              ],
              [
                -66.93449943281512,
                -23.435572587143916
              ],
              [
                -66.9340344778953,
                -23.369319661665624
              ],
              [
                -66.9320785854893,
                -23.369331326279386
              ],
              [
                -66.93194098409715,
                -23.34963599042116
              ],
              [
                -66.90986653086564,
                -23.34976584019632
              ],
              [
                -66.90978284906305,
                -23.337486725448315
              ],
              [
                -66.86840109567561,
                -23.337721644141116
              ],
              [
                -66.86914967831073,
                -23.45247244770596
              ],
              [
                -66.86910914394838,
                -23.452947938965956
              ],
              [
                -66.86911268541172,
                -23.45348909345258
              ],
              [
                -66.8655912183184,
                -23.494203645278
              ],
              [
                -66.88969877137431,
                -23.437608452431853
              ]
            ]
          ]
        ]
      }
    },
    {
      "type": "Feature",
      "properties": {
        "expediente": "3516-J-2025",
        "rg_tipo": "cateo",
        "tipo_miner": "Polimetálico",
        "area": 1610.04,
        "estado": "Disponible",
        "departamento": "Susques",
        "cluster": "SUSQUES CENTRO"
      },
      "geometry": {
        "type": "MultiPolygon",
        "coordinates": [
          [
            [
              [
                -66.96919785662243,
                -23.497476486407916
              ],
              [
                -66.96941751905474,
                -23.52748664477882
              ],
              [
                -66.97768258702243,
                -23.52743494801552
              ],
              [
                -66.97774185987653,
                -23.535455877825814
              ],
              [
                -67.00864243080956,
                -23.535258648609993
              ],
              [
                -67.00835275241582,
                -23.497227990335382
              ],
              [
                -66.96919785662243,
                -23.497476486407916
              ]
            ]
          ]
        ]
      }
    }
  ]
}